{
    "uid": "9fe4a550-d1a4-4cbd-be52-a1e3684acec3",
    "name": "5_Default_CatBoost",
    "preprocessing": [
        {
            "missing_values": [
                {
                    "fill_method": "na_fill_median",
                    "fill_params": {
                        "Column0": 0.0,
                        "Column3": 0.678139438,
                        "Column4": 0.701403467,
                        "Column5": -0.00746865,
                        "Column6": -0.407939122,
                        "Column8": 0.122004604,
                        "Column9": -0.081783317,
                        "Column14": 0.001350606,
                        "Column15": 0.003390099
                    },
                    "datetime_columns": []
                }
            ],
            "ml_task": "binary_classification",
            "params": {
                "columns_preprocessing": {
                    "Column0": [
                        "na_fill_median"
                    ],
                    "Column3": [
                        "na_fill_median"
                    ],
                    "Column4": [
                        "na_fill_median"
                    ],
                    "Column5": [
                        "na_fill_median"
                    ],
                    "Column6": [
                        "na_fill_median"
                    ],
                    "Column8": [
                        "na_fill_median"
                    ],
                    "Column9": [
                        "na_fill_median"
                    ],
                    "Column14": [
                        "na_fill_median"
                    ],
                    "Column15": [
                        "na_fill_median"
                    ]
                },
                "target_preprocessing": [
                    "na_exclude"
                ],
                "ml_task": "binary_classification"
            }
        }
    ],
    "learners": [
        {
            "library_version": "1.2.7",
            "algorithm_name": "CatBoost",
            "algorithm_short_name": "CatBoost",
            "uid": "19b93e1b-61c9-4aef-bcc7-65f941ce3604",
            "params": {
                "model_type": "CatBoost",
                "ml_task": "binary_classification",
                "n_jobs": -1,
                "learning_rate": 0.1,
                "depth": 6,
                "rsm": 1,
                "loss_function": "Logloss",
                "seed": 5,
                "eval_metric": "Logloss",
                "explain_level": 2
            },
            "name": "learner_fold_0",
            "best_ntree_limit": 755
        }
    ],
    "params": {
        "additional": {
            "max_rounds": 10000,
            "early_stopping_rounds": 50,
            "max_rows_limit": null,
            "max_cols_limit": null
        },
        "preprocessing": {
            "columns_preprocessing": {
                "Column0": [
                    "na_fill_median"
                ],
                "Column3": [
                    "na_fill_median"
                ],
                "Column4": [
                    "na_fill_median"
                ],
                "Column5": [
                    "na_fill_median"
                ],
                "Column6": [
                    "na_fill_median"
                ],
                "Column8": [
                    "na_fill_median"
                ],
                "Column9": [
                    "na_fill_median"
                ],
                "Column14": [
                    "na_fill_median"
                ],
                "Column15": [
                    "na_fill_median"
                ]
            },
            "target_preprocessing": [
                "na_exclude"
            ],
            "ml_task": "binary_classification"
        },
        "validation_strategy": {
            "validation_type": "split",
            "train_ratio": 0.75,
            "shuffle": true,
            "stratify": true,
            "X_path": "AutoML_1\\X.data",
            "y_path": "AutoML_1\\y.data",
            "results_path": "AutoML_1"
        },
        "learner": {
            "model_type": "CatBoost",
            "ml_task": "binary_classification",
            "n_jobs": -1,
            "learning_rate": 0.1,
            "depth": 6,
            "rsm": 1,
            "loss_function": "Logloss",
            "seed": 5,
            "eval_metric": "Logloss",
            "explain_level": 2
        },
        "automl_random_state": 1234,
        "ml_task": "binary_classification",
        "explain_level": 2,
        "name": "5_Default_CatBoost",
        "status": "initialized",
        "final_loss": null,
        "train_time": null,
        "data_type": "original",
        "max_time_for_learner": 34560.0
    },
    "saved": [
        "5_Default_CatBoost\\learner_fold_0.catboost"
    ],
    "predictions_fname": "5_Default_CatBoost\\predictions_validation.csv",
    "metric_name": "logloss",
    "final_loss": "0.048735238487840664",
    "train_time": 65.59278869628906,
    "is_stacked": false,
    "joblib_version": "1.3.2",
    "threshold": 0.5556792926097195
}