{
    "columns": [
        "Column0",
        "Column1",
        "Column2",
        "Column3",
        "Column4",
        "Column5",
        "Column6",
        "Column7",
        "Column8",
        "Column9",
        "Column10",
        "Column11",
        "Column12",
        "Column13",
        "Column14",
        "Column15",
        "Column16",
        "Column17",
        "Column18",
        "Column19",
        "Column20",
        "Column21"
    ],
    "rows": 785133,
    "cols": 22,
    "target_is_numeric": true,
    "columns_info": {
        "Column0": [
            "missing_values"
        ],
        "Column1": [
            "scale"
        ],
        "Column2": [
            "scale"
        ],
        "Column3": [
            "missing_values"
        ],
        "Column4": [
            "missing_values"
        ],
        "Column5": [
            "missing_values"
        ],
        "Column6": [
            "missing_values"
        ],
        "Column7": [],
        "Column8": [
            "missing_values"
        ],
        "Column9": [
            "missing_values"
        ],
        "Column10": [],
        "Column11": [],
        "Column12": [],
        "Column13": [],
        "Column14": [
            "missing_values"
        ],
        "Column15": [
            "missing_values"
        ],
        "Column16": [],
        "Column17": [
            "scale"
        ],
        "Column18": [],
        "Column19": [],
        "Column20": [],
        "Column21": []
    },
    "target_info": [],
    "n_features": 22,
    "is_sample_weighted": false,
    "is_fairness_applied": false,
    "n_classes": 2
}