{
    "uid": "4133fb8a-5df7-4cd5-b825-89a614c4f6cc",
    "name": "3_Default_LightGBM",
    "preprocessing": [
        {
            "missing_values": [
                {
                    "fill_method": "na_fill_median",
                    "fill_params": {
                        "Column0": 0.0,
                        "Column3": 0.678139438,
                        "Column4": 0.701403467,
                        "Column5": -0.00746865,
                        "Column6": -0.407939122,
                        "Column8": 0.122369787,
                        "Column9": -0.08180708,
                        "Column14": 0.001350606,
                        "Column15": 0.003390099
                    },
                    "datetime_columns": []
                }
            ],
            "ml_task": "binary_classification",
            "params": {
                "columns_preprocessing": {
                    "Column0": [
                        "na_fill_median"
                    ],
                    "Column3": [
                        "na_fill_median"
                    ],
                    "Column4": [
                        "na_fill_median"
                    ],
                    "Column5": [
                        "na_fill_median"
                    ],
                    "Column6": [
                        "na_fill_median"
                    ],
                    "Column8": [
                        "na_fill_median"
                    ],
                    "Column9": [
                        "na_fill_median"
                    ],
                    "Column14": [
                        "na_fill_median"
                    ],
                    "Column15": [
                        "na_fill_median"
                    ]
                },
                "target_preprocessing": [
                    "na_exclude"
                ],
                "ml_task": "binary_classification"
            }
        }
    ],
    "learners": [
        {
            "library_version": "4.5.0",
            "algorithm_name": "LightGBM",
            "algorithm_short_name": "LightGBM",
            "uid": "1e4e763a-f697-468e-bf76-31500260202a",
            "params": {
                "model_type": "LightGBM",
                "ml_task": "binary_classification",
                "n_jobs": -1,
                "objective": "binary",
                "num_leaves": 63,
                "learning_rate": 0.05,
                "feature_fraction": 0.9,
                "bagging_fraction": 0.9,
                "min_data_in_leaf": 10,
                "seed": 3,
                "metric": "binary_logloss",
                "custom_eval_metric_name": null,
                "explain_level": 2
            },
            "name": "learner_fold_0"
        }
    ],
    "params": {
        "additional": {
            "max_rounds": 10000,
            "early_stopping_rounds": 50,
            "max_rows_limit": null,
            "max_cols_limit": null
        },
        "preprocessing": {
            "columns_preprocessing": {
                "Column0": [
                    "na_fill_median"
                ],
                "Column3": [
                    "na_fill_median"
                ],
                "Column4": [
                    "na_fill_median"
                ],
                "Column5": [
                    "na_fill_median"
                ],
                "Column6": [
                    "na_fill_median"
                ],
                "Column8": [
                    "na_fill_median"
                ],
                "Column9": [
                    "na_fill_median"
                ],
                "Column14": [
                    "na_fill_median"
                ],
                "Column15": [
                    "na_fill_median"
                ]
            },
            "target_preprocessing": [
                "na_exclude"
            ],
            "ml_task": "binary_classification"
        },
        "validation_strategy": {
            "validation_type": "split",
            "train_ratio": 0.75,
            "shuffle": true,
            "stratify": true,
            "X_path": "AutoML_1\\X.data",
            "y_path": "AutoML_1\\y.data",
            "results_path": "AutoML_1"
        },
        "learner": {
            "model_type": "LightGBM",
            "ml_task": "binary_classification",
            "n_jobs": -1,
            "objective": "binary",
            "num_leaves": 63,
            "learning_rate": 0.05,
            "feature_fraction": 0.9,
            "bagging_fraction": 0.9,
            "min_data_in_leaf": 10,
            "seed": 3,
            "metric": "binary_logloss",
            "custom_eval_metric_name": null,
            "explain_level": 2
        },
        "automl_random_state": 1234,
        "ml_task": "binary_classification",
        "explain_level": 2,
        "name": "3_Default_LightGBM",
        "status": "initialized",
        "final_loss": null,
        "train_time": null,
        "data_type": "original",
        "max_time_for_learner": 34560.0
    },
    "saved": [
        "3_Default_LightGBM\\learner_fold_0.lightgbm"
    ],
    "predictions_fname": "3_Default_LightGBM\\predictions_validation.csv",
    "metric_name": "logloss",
    "final_loss": "0.04834224207136731",
    "train_time": 63.1741156578064,
    "is_stacked": false,
    "joblib_version": "1.3.2",
    "threshold": 0.5608205827076677
}