{
    "uid": "eae454ca-4eae-4d0c-b7b3-ef97a67a98b2",
    "name": "7_Default_RandomForest",
    "preprocessing": [
        {
            "missing_values": [
                {
                    "fill_method": "na_fill_median",
                    "fill_params": {
                        "Column0": 0.0,
                        "Column3": 0.678139438,
                        "Column4": 0.701403467,
                        "Column5": -0.00746865,
                        "Column6": -0.407939122,
                        "Column8": 0.122004604,
                        "Column9": -0.081783317,
                        "Column14": 0.001350606,
                        "Column15": 0.003390099
                    },
                    "datetime_columns": []
                }
            ],
            "ml_task": "binary_classification",
            "params": {
                "columns_preprocessing": {
                    "Column0": [
                        "na_fill_median"
                    ],
                    "Column3": [
                        "na_fill_median"
                    ],
                    "Column4": [
                        "na_fill_median"
                    ],
                    "Column5": [
                        "na_fill_median"
                    ],
                    "Column6": [
                        "na_fill_median"
                    ],
                    "Column8": [
                        "na_fill_median"
                    ],
                    "Column9": [
                        "na_fill_median"
                    ],
                    "Column14": [
                        "na_fill_median"
                    ],
                    "Column15": [
                        "na_fill_median"
                    ]
                },
                "target_preprocessing": [
                    "na_exclude"
                ],
                "ml_task": "binary_classification"
            }
        }
    ],
    "learners": [
        {
            "library_version": "1.4.1.post1",
            "algorithm_name": "Random Forest",
            "algorithm_short_name": "Random Forest",
            "uid": "2530a991-9738-41b6-90dd-6867a71d0f75",
            "params": {
                "model_type": "Random Forest",
                "ml_task": "binary_classification",
                "n_jobs": -1,
                "criterion": "gini",
                "max_features": 0.9,
                "min_samples_split": 30,
                "max_depth": 4,
                "seed": 7,
                "eval_metric_name": "logloss",
                "explain_level": 2
            },
            "name": "learner_fold_0"
        }
    ],
    "params": {
        "additional": {
            "trees_in_step": 100,
            "train_cant_improve_limit": 1,
            "min_steps": 1,
            "max_steps": 50,
            "early_stopping_rounds": 50,
            "max_rows_limit": null,
            "max_cols_limit": null
        },
        "preprocessing": {
            "columns_preprocessing": {
                "Column0": [
                    "na_fill_median"
                ],
                "Column3": [
                    "na_fill_median"
                ],
                "Column4": [
                    "na_fill_median"
                ],
                "Column5": [
                    "na_fill_median"
                ],
                "Column6": [
                    "na_fill_median"
                ],
                "Column8": [
                    "na_fill_median"
                ],
                "Column9": [
                    "na_fill_median"
                ],
                "Column14": [
                    "na_fill_median"
                ],
                "Column15": [
                    "na_fill_median"
                ]
            },
            "target_preprocessing": [
                "na_exclude"
            ],
            "ml_task": "binary_classification"
        },
        "validation_strategy": {
            "validation_type": "split",
            "train_ratio": 0.75,
            "shuffle": true,
            "stratify": true,
            "X_path": "AutoML_1\\X.data",
            "y_path": "AutoML_1\\y.data",
            "results_path": "AutoML_1"
        },
        "learner": {
            "model_type": "Random Forest",
            "ml_task": "binary_classification",
            "n_jobs": -1,
            "criterion": "gini",
            "max_features": 0.9,
            "min_samples_split": 30,
            "max_depth": 4,
            "seed": 7,
            "eval_metric_name": "logloss",
            "explain_level": 2
        },
        "automl_random_state": 1234,
        "ml_task": "binary_classification",
        "explain_level": 2,
        "name": "7_Default_RandomForest",
        "status": "initialized",
        "final_loss": null,
        "train_time": null,
        "data_type": "original",
        "max_time_for_learner": 34560.0
    },
    "saved": [
        "7_Default_RandomForest\\learner_fold_0.random_forest"
    ],
    "predictions_fname": "7_Default_RandomForest\\predictions_validation.csv",
    "metric_name": "logloss",
    "final_loss": "0.05783317520372229",
    "train_time": 89.38902282714844,
    "is_stacked": false,
    "joblib_version": "1.3.2",
    "threshold": 0.554632777873434
}