{
    "uid": "8fdaed6e-5cd3-478d-8d38-54cc0c404f9c",
    "name": "4_Default_Xgboost",
    "preprocessing": [
        {
            "missing_values": [
                {
                    "fill_method": "na_fill_median",
                    "fill_params": {
                        "Column0": 0.0,
                        "Column3": 0.678139438,
                        "Column4": 0.701403467,
                        "Column5": -0.00746865,
                        "Column6": -0.407939122,
                        "Column8": 0.122369787,
                        "Column9": -0.08180708,
                        "Column14": 0.001350606,
                        "Column15": 0.003390099
                    },
                    "datetime_columns": []
                }
            ],
            "ml_task": "binary_classification",
            "params": {
                "columns_preprocessing": {
                    "Column0": [
                        "na_fill_median"
                    ],
                    "Column3": [
                        "na_fill_median"
                    ],
                    "Column4": [
                        "na_fill_median"
                    ],
                    "Column5": [
                        "na_fill_median"
                    ],
                    "Column6": [
                        "na_fill_median"
                    ],
                    "Column8": [
                        "na_fill_median"
                    ],
                    "Column9": [
                        "na_fill_median"
                    ],
                    "Column14": [
                        "na_fill_median"
                    ],
                    "Column15": [
                        "na_fill_median"
                    ]
                },
                "target_preprocessing": [
                    "na_exclude"
                ],
                "ml_task": "binary_classification"
            }
        }
    ],
    "learners": [
        {
            "library_version": "2.1.1",
            "algorithm_name": "Extreme Gradient Boosting",
            "algorithm_short_name": "Xgboost",
            "uid": "b32d990e-edb5-43d4-bca2-25cf0abb723d",
            "params": {
                "model_type": "Xgboost",
                "ml_task": "binary_classification",
                "n_jobs": -1,
                "objective": "binary:logistic",
                "eta": 0.075,
                "max_depth": 6,
                "min_child_weight": 1,
                "subsample": 1.0,
                "colsample_bytree": 1.0,
                "seed": 4,
                "eval_metric": "logloss",
                "explain_level": 2
            },
            "name": "learner_fold_0"
        }
    ],
    "params": {
        "additional": {
            "max_rounds": 10000,
            "early_stopping_rounds": 50,
            "max_rows_limit": null,
            "max_cols_limit": null
        },
        "preprocessing": {
            "columns_preprocessing": {
                "Column0": [
                    "na_fill_median"
                ],
                "Column3": [
                    "na_fill_median"
                ],
                "Column4": [
                    "na_fill_median"
                ],
                "Column5": [
                    "na_fill_median"
                ],
                "Column6": [
                    "na_fill_median"
                ],
                "Column8": [
                    "na_fill_median"
                ],
                "Column9": [
                    "na_fill_median"
                ],
                "Column14": [
                    "na_fill_median"
                ],
                "Column15": [
                    "na_fill_median"
                ]
            },
            "target_preprocessing": [
                "na_exclude"
            ],
            "ml_task": "binary_classification"
        },
        "validation_strategy": {
            "validation_type": "split",
            "train_ratio": 0.75,
            "shuffle": true,
            "stratify": true,
            "X_path": "AutoML_1\\X.data",
            "y_path": "AutoML_1\\y.data",
            "results_path": "AutoML_1"
        },
        "learner": {
            "model_type": "Xgboost",
            "ml_task": "binary_classification",
            "n_jobs": -1,
            "objective": "binary:logistic",
            "eta": 0.075,
            "max_depth": 6,
            "min_child_weight": 1,
            "subsample": 1.0,
            "colsample_bytree": 1.0,
            "seed": 4,
            "eval_metric": "logloss",
            "explain_level": 2
        },
        "automl_random_state": 1234,
        "ml_task": "binary_classification",
        "explain_level": 2,
        "name": "4_Default_Xgboost",
        "status": "initialized",
        "final_loss": null,
        "train_time": null,
        "data_type": "original",
        "max_time_for_learner": 34560.0
    },
    "saved": [
        "4_Default_Xgboost\\learner_fold_0.xgboost.json"
    ],
    "predictions_fname": "4_Default_Xgboost\\predictions_validation.csv",
    "metric_name": "logloss",
    "final_loss": "0.04865269606297009",
    "train_time": 75.96115636825562,
    "is_stacked": false,
    "joblib_version": "1.3.2",
    "threshold": 0.5614144802093506
}